roc,date,n_all,roc_med,nat_rel
AHMEDABAD,2006-11-06,1,11,0.6766467065868264
AHMEDABAD,2007-01-24,1,13,0.9033613445378151
AHMEDABAD,2007-03-12,1,14,0.35333333333333333
AHMEDABAD,2007-03-27,0,14,0.7223796033994334
AHMEDABAD,2007-05-09,1,13,1
AHMEDABAD,2008-10-20,0,13,1
AHMEDABAD,2009-08-27,0,12,0.29365079365079366
AHMEDABAD,2010-09-10,1,14,0.6148648648648649
AHMEDABAD,2010-10-29,0,11,1
AHMEDABAD,2011-01-14,0,25,0.8167539267015707
AHMEDABAD,2011-02-04,1,11,1
AHMEDABAD,2011-02-07,1,16,0.8826666666666667
AHMEDABAD,2011-02-15,0,15,0.7874015748031497
AHMEDABAD,2012-01-30,1,17,1
AHMEDABAD,2012-10-25,1,15,0.8359621451104101
AHMEDABAD,2012-12-17,0,15,1.0939226519337018
AHMEDABAD,2013-09-09,0,18,0.5958083832335329
AHMEDABAD,2014-08-29,0,13,0.48214285714285715
AHMEDABAD,2015-01-14,0,15,0.8860759493670886
AHMEDABAD,2015-08-26,0,13,1
AHMEDABAD,2015-09-17,0,12,0.46440677966101696
AHMEDABAD,2016-07-07,0,18,0
AHMEDABAD,2016-09-13,0,18,0
AHMEDABAD,2016-10-26,0,17,0.002638522427440633
AHMEDABAD,2016-12-12,0,18,0
AHMEDABAD,2017-01-30,3,16,0.030800821355236138
AHMEDABAD,2017-01-31,1,16,0.045174537987679675
AHMEDABAD,2017-05-08,0,4,0
AHMEDABAD,2017-05-09,0,4,0
AHMEDABAD,2018-02-09,0,13,0.04377104377104377
AHMEDABAD,2018-02-14,0,10,0
AHMEDABAD,2018-09-13,2,14,0.05088495575221239
AHMEDABAD,2019-10-21,0,27,0
BANGALORE,2006-10-20,1,11,0.7132352941176471
BANGALORE,2007-02-12,0,13,1.12
BANGALORE,2007-10-19,0,12,0.7669172932330827
BANGALORE,2008-01-01,1,11,0.8733624454148472
BANGALORE,2008-04-07,0,19,0.7929824561403509
BANGALORE,2008-11-24,1,18,0.9672131147540983
BANGALORE,2009-04-23,0,17,0.6541666666666667
BANGALORE,2010-10-15,0,13,0.6205533596837944
BANGALORE,2011-07-12,1,14,0.8899082568807339
BANGALORE,2011-11-17,2,23,0.790633608815427
BANGALORE,2012-02-10,0,21,1.216931216931217
BANGALORE,2012-05-17,0,13,1.0240963855421688
BANGALORE,2012-11-12,0,32,1.1122448979591837
BANGALORE,2013-01-30,4,13,0.06620209059233449
BANGALORE,2013-03-15,0,12,1.1815286624203822
BANGALORE,2013-06-21,0,16,0.31444759206798867
BANGALORE,2013-11-15,0,30,0.14465408805031446
BANGALORE,2014-02-27,0,21,0.8352601156069365
BANGALORE,2014-10-31,2,21,0.9739130434782609
BANGALORE,2015-02-17,0,19,0.7731629392971247
BANGALORE,2016-01-05,2,21,0.8788732394366198
CHANDIGARH,2009-06-04,1,11,1.0245901639344261
CHANDIGARH,2013-06-27,0,12,0.936986301369863
CHANDIGARH,2014-02-18,0,13,1.0538243626062322
CHENNAI,2007-01-09,1,13,0.6259842519685039
CHENNAI,2007-11-08,0,14,0.6766169154228856
CHENNAI,2008-09-03,0,20,0.6382978723404256
CHENNAI,2008-10-27,0,14,1.1666666666666667
CHENNAI,2009-02-23,0,11,0.5727272727272728
CHENNAI,2009-09-25,0,15,1
CHENNAI,2010-02-12,0,18,0.7165605095541401
CHENNAI,2010-12-30,0,21,0.9872611464968153
CHENNAI,2011-04-13,0,23,1
CHENNAI,2011-09-01,0,23,0.7021943573667712
CHENNAI,2012-04-13,0,20,0.8777292576419214
CHENNAI,2012-09-19,0,25,0.7790697674418605
CHENNAI,2012-10-10,0,22,1.0214477211796247
CHENNAI,2012-10-23,0,10,1.028391167192429
CHENNAI,2013-01-02,1,17,0.7321428571428571
CHENNAI,2013-03-08,1,17,0.2631578947368421
CHENNAI,2013-11-11,1,18,1
CHENNAI,2015-09-24,0,14,0.8561643835616438
CHENNAI,2015-10-21,0,15,1
CHENNAI,2015-11-10,0,13,1.2380952380952381
CHENNAI,2016-02-08,1,18,1
COIMBATORE,2011-04-27,0,11,1
CUTTAK,2011-08-08,0,10,1.1950617283950618
CUTTAK,2011-08-09,0,10,1.0271604938271606
CUTTAK,2011-11-30,0,10,0.7270194986072424
CUTTAK,2015-06-22,1,11,1
CUTTAK,2015-06-24,0,11,0.8954248366013072
DELHI,2006-10-24,0,28,0.18333333333333332
DELHI,2007-03-14,5,55,0.6666666666666666
DELHI,2007-12-24,0,72,0.47876447876447875
DELHI,2009-05-07,0,49,0.7603686635944701
DELHI,2013-01-21,0,12,0
DELHI,2013-02-22,5,73,0.5975232198142415
DELHI,2013-02-25,6,79,0.7317073170731707
DELHI,2013-08-20,5,70,0.4837758112094395
DELHI,2013-10-30,0,41,0.10666666666666667
DELHI,2013-12-04,0,115,0.7080103359173127
DELHI,2014-04-04,1,90,0.12014134275618374
DELHI,2015-07-13,2,30,0.5275229357798165
DELHI,2015-09-14,0,83,0.6847457627118644
ERNAKULAM,2008-02-04,0,10,0.3625
ERNAKULAM,2008-03-20,0,12,0.8552188552188552
ERNAKULAM,2008-07-15,1,15,0.9343629343629344
ERNAKULAM,2010-06-08,0,10,1.1038575667655786
ERNAKULAM,2010-07-15,0,10,0.5202492211838006
ERNAKULAM,2010-09-28,1,11,0.96875
ERNAKULAM,2010-12-24,0,10,0.8372093023255814
ERNAKULAM,2011-03-15,1,16,0.9814814814814815
ERNAKULAM,2011-09-19,0,10,0.9968354430379747
ERNAKULAM,2013-02-20,0,11,1.0061919504643964
ERNAKULAM,2013-04-23,1,13,1.1014492753623188
ERNAKULAM,2013-10-21,0,16,1
ERNAKULAM,2013-12-11,0,13,0.7617801047120419
ERNAKULAM,2015-02-16,0,10,0.9169329073482428
ERNAKULAM,2015-03-25,0,17,1.0272479564032697
ERNAKULAM,2015-06-29,1,13,1
ERNAKULAM,2016-01-22,0,18,1.4917127071823204
ERNAKULAM,2016-02-01,0,17,0.7331606217616581
GWALIOR,2010-02-08,0,10,1.1910828025477707
GWALIOR,2010-06-30,0,11,0.7630853994490359
GWALIOR,2010-07-01,0,11,0.8815426997245179
GWALIOR,2010-09-09,1,16,0.9425675675675675
GWALIOR,2010-11-11,0,10,0.9344978165938864
GWALIOR,2010-12-31,0,10,0.9840764331210191
GWALIOR,2011-05-02,1,12,0.8227848101265823
GWALIOR,2011-05-16,0,10,1.1481481481481481
GWALIOR,2011-06-20,0,12,0.9414893617021277
GWALIOR,2012-06-11,0,13,0.8105515587529976
GWALIOR,2012-06-12,0,13,1
GWALIOR,2012-08-03,0,10,0.8518518518518519
GWALIOR,2012-08-16,0,10,1.0289156626506024
GWALIOR,2012-09-14,0,23,1.0120481927710843
HYDERABAD,2006-11-13,1,17,1
HYDERABAD,2006-11-28,0,10,0.9239766081871345
HYDERABAD,2006-12-07,0,14,0.7853403141361257
HYDERABAD,2007-01-29,0,11,1
HYDERABAD,2007-03-19,0,22,0.7441077441077442
HYDERABAD,2008-01-29,0,24,0.8850574712643678
HYDERABAD,2008-07-02,0,15,1.0300751879699248
HYDERABAD,2009-01-19,0,10,0.9489795918367347
HYDERABAD,2009-03-27,0,11,0.7773722627737226
HYDERABAD,2009-04-16,0,11,1
HYDERABAD,2009-11-30,0,26,0.9802371541501976
HYDERABAD,2010-01-14,0,11,0.865979381443299
HYDERABAD,2010-03-16,0,16,0.9779005524861878
HYDERABAD,2011-04-04,0,13,0.8271954674220963
HYDERABAD,2011-12-19,0,18,0.9945504087193461
HYDERABAD,2011-12-23,1,18,1
HYDERABAD,2012-03-01,1,14,0.9726775956284153
HYDERABAD,2012-03-23,0,16,1.016728624535316
HYDERABAD,2012-04-09,0,27,1.2314410480349345
HYDERABAD,2012-10-11,0,15,0.8552278820375335
HYDERABAD,2012-10-16,2,23,1
HYDERABAD,2013-01-14,0,11,0.8697068403908795
HYDERABAD,2013-05-08,2,21,0.8811188811188811
HYDERABAD,2013-05-15,1,11,0.9190600522193212
HYDERABAD,2013-07-18,2,28,0.3868194842406877
HYDERABAD,2014-04-03,1,12,0.16607773851590105
HYDERABAD,2015-08-28,0,13,0.7307692307692307
HYDERABAD,2015-10-05,4,42,0.9643835616438357
HYDERABAD,2016-01-15,0,16,0.8707482993197279
HYDERABAD,2016-01-20,0,20,1
HYDERABAD,2016-02-11,2,21,0.9268929503916449
JAIPUR,2006-10-18,0,10,1
JAIPUR,2007-01-18,1,14,1
JAIPUR,2007-11-27,1,11,1.0672268907563025
JAIPUR,2007-11-29,1,11,0.9873949579831933
JAIPUR,2008-02-14,0,12,1
JAIPUR,2009-03-23,0,10,1.0474452554744527
JAIPUR,2009-06-29,0,10,1.0303030303030303
JAIPUR,2009-11-09,0,12,1.0533333333333332
JAIPUR,2009-11-23,0,10,1.064
JAIPUR,2009-12-24,0,18,0.7862903225806451
JAIPUR,2010-01-21,1,12,1.1384083044982698
JAIPUR,2010-01-25,0,10,1
JAIPUR,2010-03-05,0,12,1.5488372093023255
JAIPUR,2010-04-09,0,11,0.8392282958199357
JAIPUR,2010-04-29,0,10,1.0914826498422714
JAIPUR,2010-06-21,0,11,0.7917737789203085
JAIPUR,2010-09-14,0,16,0.8531468531468531
JAIPUR,2010-11-01,0,18,1
JAIPUR,2010-12-27,0,13,1
JAIPUR,2011-01-17,0,16,1.0582010582010581
JAIPUR,2011-09-29,0,10,1
JAIPUR,2011-12-12,0,13,1
JAIPUR,2012-01-13,1,11,1
JAIPUR,2012-04-16,0,16,1.1555075593952484
JAIPUR,2012-04-17,1,16,1.0107991360691144
JAIPUR,2012-06-22,1,13,0.9562841530054644
JAIPUR,2012-10-08,0,10,1.0428954423592494
JAIPUR,2012-10-09,0,10,1
JAIPUR,2012-10-18,0,14,0.882494004796163
JAIPUR,2012-12-03,0,19,0.9626666666666667
JAIPUR,2013-04-09,0,16,1.0242424242424242
JAIPUR,2013-04-12,0,16,0.9181818181818182
JAIPUR,2013-05-06,0,18,0.7925407925407926
JAIPUR,2013-05-09,0,18,1.0326340326340326
JAIPUR,2013-12-30,0,12,0.9863945578231292
JAIPUR,2014-01-21,0,12,0.7336814621409922
JAIPUR,2014-12-15,0,11,0.7335766423357665
JAIPUR,2016-02-09,1,12,0.9190600522193212
JAIPUR,2016-03-07,1,15,0.7811634349030471
JHARKHAND,2013-03-01,0,11,0.959349593495935
KANPUR,2007-05-28,0,10,0.963265306122449
KANPUR,2007-08-29,1,12,0.3705179282868526
KANPUR,2007-09-25,1,12,1
KANPUR,2008-05-29,1,12,0.9632107023411371
KANPUR,2008-06-06,0,10,0.9917355371900827
KANPUR,2008-08-25,0,14,0.6816720257234726
KANPUR,2009-02-18,0,11,1
KANPUR,2010-07-26,0,25,0.6973293768545994
KANPUR,2010-10-28,1,21,1.0727969348659003
KANPUR,2012-06-27,0,12,1.0720461095100864
KANPUR,2012-08-27,0,26,1.0186480186480187
KANPUR,2013-07-04,2,26,1.096
KANPUR,2013-08-23,0,12,1
KANPUR,2013-09-04,1,40,0.5956937799043063
KANPUR,2013-11-19,0,28,0.9493333333333334
KANPUR,2014-02-19,0,30,0.9150141643059491
KANPUR,2014-03-10,0,46,0.9145496535796767
KANPUR,2014-06-20,0,17,0.9834254143646409
KANPUR,2015-01-23,0,21,0.9278688524590164
KANPUR,2015-05-11,0,38,0.8646153846153846
KANPUR,2015-06-02,1,35,0.41333333333333333
KANPUR,2015-06-17,0,20,1.0483870967741935
KANPUR,2015-07-14,0,23,1.1330275229357798
KANPUR,2015-07-28,1,21,0.8056426332288401
KANPUR,2015-07-29,0,21,1.0188087774294672
KANPUR,2015-08-12,0,33,0.7388724035608308
KANPUR,2015-08-17,0,25,0.5986394557823129
KANPUR,2015-08-27,0,29,0.7902097902097902
KANPUR,2015-09-04,0,29,0.9103448275862069
KANPUR,2015-10-23,0,22,1.0954198473282444
KANPUR,2015-11-06,0,29,1.022038567493113
KANPUR,2015-11-20,0,28,1.528301886792453
KANPUR,2016-01-04,0,48,0.6056338028169014
KANPUR,2016-01-21,0,31,1.022099447513812
KANPUR,2016-01-25,0,26,0.6701570680628273
KANPUR,2016-02-22,0,31,0.8242280285035629
KANPUR,2016-03-03,0,14,1
KOLKATA,2006-10-09,0,11,0.9893617021276596
KOLKATA,2006-12-11,0,30,1
KOLKATA,2006-12-14,0,30,0.9777777777777777
KOLKATA,2007-01-08,1,25,1
KOLKATA,2007-01-23,0,28,1.0126050420168067
KOLKATA,2007-03-16,0,33,1
KOLKATA,2007-04-20,1,18,0.9407114624505929
KOLKATA,2007-07-30,0,21,0.7857142857142857
KOLKATA,2007-10-30,0,12,0.7803468208092486
KOLKATA,2007-10-31,0,12,1
KOLKATA,2007-11-12,1,13,0.8870056497175142
KOLKATA,2008-02-06,0,31,0.796875
KOLKATA,2008-02-11,0,43,0.7839721254355401
KOLKATA,2008-04-21,0,39,0.79216867469879515
KOLKATA,2008-05-15,2,43,0.7945205479452054
KOLKATA,2008-06-05,1,27,0.9090909090909091
KOLKATA,2008-07-04,0,52,0.9736842105263158
KOLKATA,2008-08-20,0,25,0.9288389513108615
KOLKATA,2009-04-27,1,25,0.5972222222222222
KOLKATA,2009-05-13,0,22,0.7881773399014779
KOLKATA,2010-04-27,0,81,0.9116719242902208
KOLKATA,2010-07-05,0,29,0.9765100671140939
KOLKATA,2010-08-02,1,37,0.6628787878787878
KOLKATA,2010-09-07,2,26,1
KOLKATA,2011-02-08,0,70,0.776
KOLKATA,2011-07-20,0,60,0.7160493827160493
KOLKATA,2012-02-28,0,86,1
KOLKATA,2012-05-16,0,64,0.8096385542168675
KOLKATA,2013-02-15,0,45,1.4605263157894737
KOLKATA,2013-07-29,0,26,0.8257142857142857
KOLKATA,2013-07-30,0,26,1.1028571428571428
KOLKATA,2013-10-11,0,34,0.7538860103626943
KOLKATA,2013-10-14,0,15,1.089700996677741
KOLKATA,2014-02-04,0,35,1
KOLKATA,2014-06-06,0,18,1
KOLKATA,2014-10-27,0,37,1
KOLKATA,2015-02-27,0,13,1
KOLKATA,2015-09-02,0,18,1
KOLKATA,2015-09-18,0,13,1
KOLKATA,2015-10-12,1,29,1.1818181818181819
KOLKATA,2016-02-12,0,16,1.279373368146214
MUMBAI,2007-08-03,1,41,0.8112244897959183
MUMBAI,2008-01-15,0,43,0.7209302325581395
MUMBAI,2009-04-30,2,24,0.875
MUMBAI,2009-10-13,0,29,0.8783269961977186
MUMBAI,2009-10-19,0,33,0.521978021978022
MUMBAI,2011-07-28,2,43,0.7897574123989218
MUMBAI,2012-10-26,0,53,1
MUMBAI,2013-03-11,1,26,0.9490445859872612
MUMBAI,2013-03-12,1,26,1.2356687898089171
MUMBAI,2014-10-15,0,23,0.8045977011494253
MUMBAI,2015-06-19,0,35,0.8870967741935484
PATNA,2013-04-01,0,11,1
PATNA,2013-04-02,0,11,1.0751879699248121
PATNA,2013-04-17,0,18,1.161520190023753
PATNA,2013-04-29,0,14,0.7967145790554415
PATNA,2013-06-05,1,12,1
PATNA,2013-07-03,0,13,0.9226666666666666
PATNA,2013-10-03,0,11,1.0246153846153847
PATNA,2013-11-18,1,13,0.43466666666666665
PATNA,2014-01-08,0,13,0.9071618037135278
PATNA,2014-01-20,0,10,1.0887728459530026
PATNA,2014-02-10,0,13,1.236842105263158
PATNA,2014-09-22,0,12,1
PATNA,2015-03-23,0,10,1
PATNA,2015-03-26,0,10,0.8201634877384196
PATNA,2015-04-06,0,11,1.419463087248322
PATNA,2015-04-07,0,11,1
PATNA,2015-05-13,0,10,1
PATNA,2015-10-28,0,10,0.7391304347826086
PATNA,2016-01-08,1,15,1
PATNA,2016-02-18,0,10,1
PUNE,2008-01-14,0,10,0.6976744186046512
PUNE,2008-04-03,0,11,0.7993079584775087
PUNE,2008-05-13,1,17,0.8527397260273972
PUNE,2008-05-14,1,17,1.0376712328767124
PUNE,2008-07-18,0,11,1
PUNE,2008-09-22,0,11,0.714859437751004
PUNE,2008-09-23,0,11,1.144578313253012
PUNE,2008-11-26,0,10,1
PUNE,2008-12-04,0,10,1
PUNE,2009-07-27,0,10,0.9383886255924171
PUNE,2009-11-10,0,11,0.9911111111111112
PUNE,2010-07-02,0,11,1
PUNE,2010-07-16,0,11,1.1557632398753894
PUNE,2010-07-23,0,16,1.0714285714285714
PUNE,2010-08-11,1,11,0.8217522658610272
PUNE,2010-09-13,0,15,0.7657342657342657
PUNE,2010-10-22,0,10,1.0034364261168385
PUNE,2011-01-03,1,18,1.0081967213114753
PUNE,2011-02-14,0,12,1.0098425196850394
PUNE,2011-02-25,0,14,1.025229357798165
PUNE,2011-03-30,1,15,0.8386167146974063
PUNE,2011-04-18,0,14,1
PUNE,2011-05-31,0,10,1
PUNE,2011-07-15,0,12,1.033639143730887
PUNE,2012-06-04,1,19,1.2059620596205962
PUNE,2012-08-24,1,11,1.2620689655172415
PUNE,2012-09-24,0,20,0.80440097799511
PUNE,2012-09-25,0,20,1.0317848410757946
PUNE,2012-10-15,0,15,0.882494004796163
PUNE,2012-11-19,0,15,0.7113095238095238
PUNE,2012-12-10,1,13,0.8317307692307693
PUNE,2013-01-16,1,24,0.8241042345276873
PUNE,2013-02-12,0,18,1
PUNE,2014-01-23,2,27,0.7780678851174935
PUNE,2015-10-08,2,26,0.8356164383561644
SHILLONG,2009-12-22,1,11,1.3508064516129032
SHILLONG,2009-12-29,0,10,0.5305466237942122
SHILLONG,2010-01-15,0,10,1.0996563573883162
