event,year,rule_date,drik_date,n_drik_dates
gudi_padwa,2005,2005-04-09,2005-04-09,1
akshaya_tritiya,2005,2005-05-11,2005-05-11,1
vijayadashami,2005,2005-10-12,2005-10-12,1
dhanteras,2005,2005-10-30,2005-10-30,1
diwali,2005,2005-11-01,2005-11-01,1
pitru_paksha_first,2005,2005-09-18,2005-09-18,1
pitru_paksha_last,2005,2005-10-03,2005-10-03,1
navratri_first,2005,2005-10-04,2005-10-04,1
navratri_last,2005,2005-10-12,2005-10-11,1
gudi_padwa,2006,2006-03-30,2006-03-30,1
akshaya_tritiya,2006,2006-04-30,2006-04-30,1
vijayadashami,2006,2006-10-02,2006-10-02,1
dhanteras,2006,2006-10-19,2006-10-19,1
diwali,2006,2006-10-21,2006-10-21,1
pitru_paksha_first,2006,2006-09-08,2006-09-08,1
pitru_paksha_last,2006,2006-09-22,2006-09-22,1
navratri_first,2006,2006-09-23,2006-09-23,1
navratri_last,2006,2006-10-01,2006-10-01,1
gudi_padwa,2007,2007-03-19,2007-03-19,1
akshaya_tritiya,2007,2007-04-19,2007-04-19,1
vijayadashami,2007,2007-10-21,2007-10-21,1
dhanteras,2007,2007-11-07,2007-11-07,1
diwali,2007,2007-11-09,2007-11-09,1
pitru_paksha_first,2007,2007-09-27,2007-09-27,1
pitru_paksha_last,2007,2007-10-10,2007-10-10,1
navratri_first,2007,2007-10-12,2007-10-12,1
navratri_last,2007,2007-10-20,2007-10-20,1
gudi_padwa,2008,2008-04-07,2008-04-07,1
akshaya_tritiya,2008,2008-05-07,2008-05-07,1
vijayadashami,2008,2008-10-09,2008-10-09,1
dhanteras,2008,2008-10-26,2008-10-26,1
diwali,2008,2008-10-28,2008-10-28,1
pitru_paksha_first,2008,2008-09-15,2008-09-15,1
pitru_paksha_last,2008,2008-09-28,2008-09-28,1
navratri_first,2008,2008-09-30,2008-09-30,1
navratri_last,2008,2008-10-08,2008-10-08,1
gudi_padwa,2009,2009-03-27,2009-03-27,1
akshaya_tritiya,2009,2009-04-27,2009-04-27,1
vijayadashami,2009,2009-09-28,2009-09-28,1
dhanteras,2009,2009-10-15,2009-10-15,1
diwali,2009,2009-10-17,2009-10-17,1
pitru_paksha_first,2009,2009-09-05,2009-09-05,1
pitru_paksha_last,2009,2009-09-18,2009-09-18,1
navratri_first,2009,2009-09-19,2009-09-19,1
navratri_last,2009,2009-09-27,2009-09-27,1
gudi_padwa,2010,2010-03-16,2010-03-16,1
akshaya_tritiya,2010,2010-05-16,2010-05-16,1
vijayadashami,2010,2010-10-17,2010-10-17,1
dhanteras,2010,2010-11-03,2010-11-03,1
diwali,2010,2010-11-05,2010-11-05,1
pitru_paksha_first,2010,2010-09-24,2010-09-24,1
pitru_paksha_last,2010,2010-10-07,2010-10-07,1
navratri_first,2010,2010-10-08,2010-10-08,1
navratri_last,2010,2010-10-16,2010-10-16,1
gudi_padwa,2011,2011-04-04,2011-04-04,1
akshaya_tritiya,2011,2011-05-06,2011-05-06,1
vijayadashami,2011,2011-10-06,2011-10-06,1
dhanteras,2011,2011-10-24,2011-10-24,1
diwali,2011,2011-10-26,2011-10-26,1
pitru_paksha_first,2011,2011-09-13,2011-09-13,1
pitru_paksha_last,2011,2011-09-27,2011-09-27,1
navratri_first,2011,2011-09-28,2011-09-28,1
navratri_last,2011,2011-10-05,2011-10-05,1
gudi_padwa,2012,2012-03-23,2012-03-23,1
akshaya_tritiya,2012,2012-04-24,2012-04-24,1
vijayadashami,2012,2012-10-24,2012-10-24,1
dhanteras,2012,2012-11-11,2012-11-11,1
diwali,2012,2012-11-13,2012-11-13,1
pitru_paksha_first,2012,2012-09-30,2012-09-30,1
pitru_paksha_last,2012,2012-10-15,2012-10-15,1
navratri_first,2012,2012-10-16,2012-10-16,1
navratri_last,2012,2012-10-23,2012-10-23,1
gudi_padwa,2013,2013-04-11,2013-04-11,1
akshaya_tritiya,2013,2013-05-13,2013-05-13,1
vijayadashami,2013,2013-10-13,2013-10-13,1
dhanteras,2013,2013-11-01,2013-11-01,1
diwali,2013,2013-11-03,2013-11-03,1
pitru_paksha_first,2013,2013-09-20,2013-09-20,1
pitru_paksha_last,2013,2013-10-04,2013-10-04,1
navratri_first,2013,2013-10-05,2013-10-05,1
navratri_last,2013,2013-10-13,2013-10-12,1
gudi_padwa,2014,2014-03-31,2014-03-31,1
akshaya_tritiya,2014,2014-05-02,2014-05-02,1
vijayadashami,2014,2014-10-03,2014-10-03,1
dhanteras,2014,2014-10-21,2014-10-21,1
diwali,2014,2014-10-23,2014-10-23,1
pitru_paksha_first,2014,2014-09-09,2014-09-09,1
pitru_paksha_last,2014,2014-09-23,2014-09-23,1
navratri_first,2014,2014-09-25,2014-09-25,1
navratri_last,2014,2014-10-03,2014-10-02,1
gudi_padwa,2015,2015-03-21,2015-03-21,1
akshaya_tritiya,2015,2015-04-21,2015-04-21,1
vijayadashami,2015,2015-10-22,2015-10-22,1
dhanteras,2015,2015-11-09,2015-11-09,1
diwali,2015,2015-11-11,2015-11-11,1
pitru_paksha_first,2015,2015-09-28,2015-09-28,1
pitru_paksha_last,2015,2015-10-12,2015-10-12,1
navratri_first,2015,2015-10-13,2015-10-13,1
navratri_last,2015,2015-10-22,2015-10-21,1
gudi_padwa,2016,2016-04-08,2016-04-08,1
akshaya_tritiya,2016,2016-05-09,2016-05-09,1
vijayadashami,2016,2016-10-11,2016-10-11,1
dhanteras,2016,2016-10-28,2016-10-28,1
diwali,2016,2016-10-30,2016-10-30,1
pitru_paksha_first,2016,2016-09-17,2016-09-17,1
pitru_paksha_last,2016,2016-09-30,2016-09-30,1
navratri_first,2016,2016-10-01,2016-10-01,1
navratri_last,2016,2016-10-10,2016-10-10,1
gudi_padwa,2017,2017-03-28,2017-03-28,1
akshaya_tritiya,2017,2017-04-28,2017-04-28,1
vijayadashami,2017,2017-09-30,2017-09-30,1
dhanteras,2017,2017-10-17,2017-10-17,1
diwali,2017,2017-10-19,2017-10-19,1
pitru_paksha_first,2017,2017-09-06,2017-09-06,1
pitru_paksha_last,2017,2017-09-19,2017-09-19,1
navratri_first,2017,2017-09-21,2017-09-21,1
navratri_last,2017,2017-09-29,2017-09-29,1
gudi_padwa,2018,2018-03-18,2018-03-18,1
akshaya_tritiya,2018,2018-04-18,2018-04-18,1
vijayadashami,2018,2018-10-19,2018-10-19,1
dhanteras,2018,2018-11-05,2018-11-05,1
diwali,2018,2018-11-07,2018-11-07,1
pitru_paksha_first,2018,2018-09-25,2018-09-25,1
pitru_paksha_last,2018,2018-10-08,2018-10-08,1
navratri_first,2018,2018-10-10,2018-10-10,1
navratri_last,2018,2018-10-18,2018-10-17,1
gudi_padwa,2019,2019-04-06,2019-04-06,1
akshaya_tritiya,2019,2019-05-07,2019-05-07,1
vijayadashami,2019,2019-10-08,2019-10-08,1
dhanteras,2019,2019-10-25,2019-10-25,1
diwali,2019,2019-10-27,2019-10-27,1
pitru_paksha_first,2019,2019-09-14,2019-09-14,1
pitru_paksha_last,2019,2019-09-28,2019-09-28,1
navratri_first,2019,2019-09-29,2019-09-29,1
navratri_last,2019,2019-10-07,2019-10-06,1
gudi_padwa,2020,2020-03-25,2020-03-25,1
akshaya_tritiya,2020,2020-04-26,2020-04-26,1
vijayadashami,2020,2020-10-25,2020-10-25,1
dhanteras,2020,2020-11-13,2020-11-13,1
diwali,2020,2020-11-14,2020-11-14,1
pitru_paksha_first,2020,2020-09-02,2020-09-02,1
pitru_paksha_last,2020,2020-09-17,2020-09-17,1
navratri_first,2020,2020-10-17,2020-10-17,1
navratri_last,2020,2020-10-25,2020-10-24,1
gudi_padwa,2021,2021-04-13,2021-04-13,1
akshaya_tritiya,2021,2021-05-14,2021-05-14,1
vijayadashami,2021,2021-10-15,2021-10-15,1
dhanteras,2021,2021-11-02,2021-11-02,1
diwali,2021,2021-11-04,2021-11-04,1
pitru_paksha_first,2021,2021-09-21,2021-09-21,1
pitru_paksha_last,2021,2021-10-06,2021-10-06,1
navratri_first,2021,2021-10-07,2021-10-07,1
navratri_last,2021,2021-10-14,2021-10-14,1
