holiday,n
Ashura,67
Prophet's Birthday,58
Holi,45
Buddha Purnima,42
Maha Shivaratri,42
Mahavira's Birthday,41
Ram Navami,40
Janmashtami (Vaishnava),34
Eid al-Adha,28
Good Friday,27
Eid al-Fitr,26
Christmas,25
Chhatrapati Shivaji Maharaj's Birthday,14
Parsi New Year (Shahenshahi),13
Maharashtra Day,10
Cheti Chand,9
Lord Shri Parshuram's Birthday,9
Raksha Bandhan,9
Diwali (Bali Pratipada),6
May Day,6
Samvatsari Day,6
Thiruvalluvar Day / Mattu Pongal,6
Diwali (Deepavali),5
Rabindra Jayanti,5
Uzhavar Thirunal,5
Dr. B. R. Ambedkar's Birthday,4
Durgashtami,4
Maharana Pratap's Birthday,4
Sardar Vallabhbhai Patel's Birthday,4
International Day of the World's Indigenous Peoples,3
Khejarli's Martyrdom Day,3
Maharaj Agrasen's Birthday; Sharad Navratri,3
Mahatma Jyotiba Phule's Birthday,3
Uttarayan,3
Bengali New Year,2
Gudi Padwa,2
Guru Nanak's Birthday,2
Janmashtami (Vaishnava); Parsi New Year (Shahenshahi),2
Mahatma Gandhi's Birthday,2
Veerangana Avantibai's Martyrdom Day,2
Bhai Duj; Chitragupt's Birthday,1
Cheti Chand; Mahatma Jyotiba Phule's Birthday,1
Govardhan Puja,1
Holika Dahan,1
Kerala Foundation Day,1
Makar Sankranti,1
Pongal,1
